emp_no,first_name,last_name,birth_date,from_date,to_date,title
10095,Hilari,Morton,1965-01-03,1994-03-10,9999-01-01,Senior Staff
10291,Dipayan,Seghrouchni,1965-01-23,1987-03-30,9999-01-01,Staff
10476,Kokou,Iisaka,1965-01-01,1987-09-20,9999-01-01,Staff
13499,Kazuhiko,Sidou,1965-01-16,1991-09-01,9999-01-01,Technique Leader
14104,Sudhanshu,Demian,1965-01-03,1994-07-23,9999-01-01,Staff
14907,Nakhoon,Luga,1965-01-14,1986-12-18,9999-01-01,Staff
15058,Bouchung,Bugrara,1965-01-30,1990-06-18,9999-01-01,Staff
16461,Remmert,Schahn,1965-01-14,1986-09-06,9999-01-01,Staff
17206,Berry,DeMori,1965-01-02,1992-12-27,9999-01-01,Senior Engineer
18021,Adil,Matzke,1965-01-07,1987-05-08,9999-01-01,Engineer
18424,Filipp,Rousseau,1965-01-19,1995-06-07,9999-01-01,Senior Engineer
18617,Surveyors,Crouzet,1965-01-21,1989-04-24,9999-01-01,Staff
18810,Taiji,Jarecki,1965-01-09,1991-06-27,9999-01-01,Senior Engineer
19236,Elzbieta,Morris,1965-01-24,1988-07-12,9999-01-01,Engineer
19803,Ziva,Kowalchuk,1965-01-30,1987-06-13,9999-01-01,Senior Engineer
20100,Utz,Heuter,1965-01-18,1986-06-15,9999-01-01,Staff
21181,Jianhui,Cangellaris,1965-01-21,1991-10-06,9999-01-01,Engineer
21546,Yongmin,Lanteri,1965-01-01,2002-03-19,9999-01-01,Senior Staff
21843,Karsten,Azadmanesh,1965-01-09,1985-11-29,9999-01-01,Senior Engineer
22415,Perla,Jumpertz,1965-01-20,1994-08-24,9999-01-01,Senior Staff
22451,Jasminko,Bresenham,1965-01-27,1994-01-19,9999-01-01,Staff
22455,Barry,Unno,1965-01-06,1990-11-16,9999-01-01,Staff
22926,Manibrata,Genther,1965-01-01,1988-01-15,9999-01-01,Senior Engineer
23396,Hilari,Fairtlough,1965-01-02,1986-12-15,9999-01-01,Technique Leader
24205,Roddy,Rubsam,1965-01-25,1993-09-19,9999-01-01,Senior Engineer
24394,Zhonghui,Conta,1965-01-04,1994-09-10,9999-01-01,Staff
24553,Anwar,Passafiume,1965-01-12,1987-01-30,9999-01-01,Staff
26788,Zongyan,Dalphin,1965-01-25,1988-04-23,9999-01-01,Senior Engineer
27686,Manu,Rosiles,1965-01-28,1998-03-03,9999-01-01,Senior Staff
28193,Xinglin,Mitsuhashi,1965-01-29,1988-12-14,9999-01-01,Senior Engineer
28974,Chenxi,Sundgren,1965-01-09,1986-09-02,9999-01-01,Senior Engineer
29265,Gilbert,Calkin,1965-01-14,1988-03-21,9999-01-01,Staff
29418,Valery,Mersereau,1965-01-22,1998-07-01,9999-01-01,Assistant Engineer
29679,Kolar,Steenbeek,1965-01-17,1986-10-18,9999-01-01,Senior Engineer
30154,Mayuko,Skafidas,1965-01-26,1999-04-19,9999-01-01,Technique Leader
30182,Leon,Potthoff,1965-01-26,1985-12-08,9999-01-01,Senior Engineer
30465,Randi,Avouris,1965-01-28,1986-07-16,9999-01-01,Engineer
30938,Yakkov,Samarati,1965-01-06,1997-10-10,9999-01-01,Senior Staff
31207,Abdelwaheb,Dulin,1965-01-30,1993-08-05,9999-01-01,Senior Engineer
31568,Mark,Lalonde,1965-01-10,1996-11-24,9999-01-01,Staff
32347,Terresa,Peres,1965-01-08,1990-09-15,9999-01-01,Staff
32649,Ingmar,Nannarelli,1965-01-12,1988-06-10,9999-01-01,Senior Staff
32714,Radoslaw,Maliniak,1965-01-16,2001-09-18,9999-01-01,Staff
33722,Anwar,Collette,1965-01-15,2001-02-03,9999-01-01,Senior Engineer
34077,Angel,Sichman,1965-01-08,1988-11-16,9999-01-01,Senior Staff
34446,Chinhyun,Bauknecht,1965-01-31,1986-12-19,9999-01-01,Senior Engineer
34452,Naftaly,Foong,1965-01-08,1991-05-10,9999-01-01,Senior Engineer
34533,Erzsebet,Shigei,1965-01-10,1995-01-16,9999-01-01,Senior Engineer
35044,Jiang,Waschkowski,1965-01-04,1989-05-27,9999-01-01,Senior Engineer
35441,Chandrasekaran,Peek,1965-01-31,1990-09-17,9999-01-01,Senior Engineer
35642,Ashish,Talmon,1965-01-30,1999-02-28,9999-01-01,Senior Engineer
35798,Ulf,Oberman,1965-01-29,1997-03-15,9999-01-01,Senior Engineer
36521,Serif,Gladwell,1965-01-21,1987-03-06,9999-01-01,Senior Staff
36626,Fen,Genin,1965-01-02,1986-05-09,9999-01-01,Senior Staff
36982,Kotesh,Rajala,1965-01-22,1992-06-23,9999-01-01,Senior Engineer
37070,Jeong,Undy,1965-01-22,1985-02-13,9999-01-01,Staff
37945,Suzette,Butterworth,1965-01-02,1994-02-19,9999-01-01,Senior Engineer
38043,Michaela,Randi,1965-01-05,1985-11-23,9999-01-01,Senior Engineer
38103,Masasuke,Babu,1965-01-12,1988-03-31,9999-01-01,Engineer
38168,Fumiko,Deverell,1965-01-14,1987-08-15,9999-01-01,Senior Staff
38550,JoAnne,Baez,1965-01-14,1987-02-16,9999-01-01,Senior Engineer
38593,Huei,Orsini,1965-01-14,1986-06-04,9999-01-01,Senior Engineer
39341,Mahmut,Lampe,1965-01-01,1985-05-11,9999-01-01,Engineer
39952,Otmar,Sudbeck,1965-01-02,1998-07-22,9999-01-01,Staff
40269,Toshiki,Ghazalie,1965-01-10,1991-12-05,9999-01-01,Staff
40283,Sudhanshu,Boissier,1965-01-07,1985-05-11,9999-01-01,Senior Engineer
40301,Spyrose,Felder,1965-01-20,1997-10-20,9999-01-01,Senior Engineer
40536,Harngdar,Bernardinello,1965-01-20,1988-02-29,9999-01-01,Senior Engineer
40773,Shimshon,Aingworth,1965-01-09,1986-04-13,9999-01-01,Senior Staff
40983,Marla,Cherinka,1965-01-17,1986-12-01,9999-01-01,Technique Leader
41114,Petter,Thummel,1965-01-25,1995-12-24,9999-01-01,Technique Leader
41137,Bikash,Buchter,1965-01-20,1996-01-08,9999-01-01,Staff
41520,Xiong,Uhrik,1965-01-20,1988-03-21,9999-01-01,Senior Engineer
41609,Yucai,Simmen,1965-01-04,1987-10-13,9999-01-01,Senior Staff
42778,Shuji,Remmers,1965-01-19,1987-12-18,9999-01-01,Staff
43733,Huei,Boguraev,1965-01-26,1993-12-31,9999-01-01,Staff
44540,Mingzeng,Sadowski,1965-01-16,1989-11-12,9999-01-01,Senior Engineer
44959,Volkmar,Uhrik,1965-01-21,1988-01-16,9999-01-01,Senior Engineer
45162,Dulce,Speel,1965-01-11,1987-10-19,9999-01-01,Senior Engineer
46328,Wuxu,Trogemann,1965-01-05,1997-01-27,9999-01-01,Senior Staff
46811,Junsik,Berendt,1965-01-10,1988-04-27,9999-01-01,Senior Engineer
47262,Gonzalo,Binkley,1965-01-10,1985-08-16,9999-01-01,Senior Engineer
47515,Naraig,Jenevein,1965-01-26,1987-01-18,9999-01-01,Senior Engineer
48275,Sariel,Massonet,1965-01-29,1987-11-20,9999-01-01,Senior Staff
50670,Boguslaw,Snedden,1965-01-30,1985-02-20,9999-01-01,Staff
51036,Chriss,Fasbender,1965-01-29,1995-05-23,9999-01-01,Staff
51142,Rosine,Lakshmanan,1965-01-29,1986-01-31,9999-01-01,Senior Engineer
52038,Chikako,Armand,1965-01-13,1985-05-18,9999-01-01,Senior Engineer
52386,Adas,Denti,1965-01-28,1986-05-30,9999-01-01,Staff
52599,Augustine,Mungall,1965-01-25,1994-01-13,9999-01-01,Engineer
52770,Shugo,Yurek,1965-01-31,1992-08-28,9999-01-01,Senior Staff
52778,Alain,Penn,1965-01-15,1986-05-03,9999-01-01,Technique Leader
52956,Khalil,Picci,1965-01-31,1998-11-24,9999-01-01,Senior Engineer
52970,Lobel,Werthner,1965-01-22,1988-03-17,9999-01-01,Senior Engineer
53278,Premsyl,Lortz,1965-01-31,1993-02-01,9999-01-01,Staff
53431,Sham,Vasanthakumar,1965-01-12,1993-05-24,9999-01-01,Senior Staff
53597,Jiafu,Marchegay,1965-01-30,1985-03-02,9999-01-01,Engineer
53874,Bodo,Schade,1965-01-23,1986-02-14,9999-01-01,Senior Staff
53924,Arnould,Gaughan,1965-01-27,1991-01-23,9999-01-01,Senior Engineer
54198,Shaowen,Segond,1965-01-01,1986-01-06,9999-01-01,Senior Engineer
55799,Jianwen,Litzler,1965-01-23,1987-06-17,9999-01-01,Engineer
55857,Adin,Scallan,1965-01-18,1987-09-15,9999-01-01,Staff
56209,Remzi,Douceur,1965-01-19,1992-12-01,9999-01-01,Engineer
56415,Sigeru,Nivat,1965-01-30,1991-10-24,9999-01-01,Staff
56428,Olivera,Hanabata,1965-01-27,1986-11-10,9999-01-01,Staff
56682,Roded,Picco,1965-01-28,1993-11-06,9999-01-01,Assistant Engineer
56847,Menkae,Chinin,1965-01-14,1998-08-27,9999-01-01,Senior Engineer
58147,Shigenori,Sullins,1965-01-09,1988-02-24,9999-01-01,Senior Staff
58819,Gennady,Liesche,1965-01-04,1987-12-02,9999-01-01,Senior Staff
59869,Zsolt,Riefers,1965-02-01,1987-09-25,9999-01-01,Staff
60091,Surveyors,Bade,1965-02-01,1990-04-11,9999-01-01,Staff
60559,Jeanna,Stemann,1965-01-19,1988-08-29,9999-01-01,Engineer
61253,Cheong,Uhrik,1965-01-09,2002-05-09,9999-01-01,Senior Engineer
61377,Dannz,Ohori,1965-01-01,1997-04-13,9999-01-01,Senior Staff
62033,Heeju,Cappelli,1965-01-24,1987-01-15,9999-01-01,Senior Engineer
62245,Adel,Bressoud,1965-01-01,1995-08-30,9999-01-01,Engineer
63294,Tetsushi,Tanemo,1965-01-23,1997-03-01,9999-01-01,Senior Engineer
63419,Hiroyasu,Seuren,1965-01-14,1989-03-05,9999-01-01,Senior Engineer
63631,Falguni,Cherinka,1965-01-22,1987-10-15,9999-01-01,Senior Engineer
63706,Sedat,Itzigehl,1965-01-26,1997-07-31,9999-01-01,Engineer
64209,Golgen,Schoegge,1965-01-24,1988-02-26,9999-01-01,Senior Staff
64487,Tsutomu,Rebaine,1965-01-27,1986-09-17,9999-01-01,Senior Engineer
64790,Shin,Piveteau,1965-01-29,1985-04-19,9999-01-01,Engineer
64828,Krister,Pappas,1965-01-27,1999-09-30,9999-01-01,Staff
64984,Eldridge,Eldridge,1965-01-06,1994-08-04,9999-01-01,Senior Engineer
65998,Mandell,Alameldin,1965-01-09,1989-04-08,9999-01-01,Staff
66382,Domenico,Candan,1965-01-04,1997-07-13,9999-01-01,Engineer
66530,Dung,Leaver,1965-01-29,1998-04-04,9999-01-01,Staff
66702,Deniz,Thibadeau,1965-02-01,1994-09-27,9999-01-01,Senior Engineer
66807,Aiman,Rosaz,1965-01-21,1990-05-22,9999-01-01,Engineer
67320,Sadok,Lorys,1965-01-18,1987-05-10,9999-01-01,Senior Staff
67934,Aiman,Gargeya,1965-01-07,1985-03-07,9999-01-01,Senior Engineer
68608,Yucai,Seghrouchni,1965-01-26,1989-06-09,9999-01-01,Senior Engineer
68633,Chinhyun,Rassart,1965-01-28,1993-07-29,9999-01-01,Senior Engineer
69052,Shietung,Shrader,1965-01-26,1995-08-05,9999-01-01,Senior Staff
69219,Shuky,Redmiles,1965-01-09,1994-11-19,9999-01-01,Senior Staff
69936,Lalit,Unni,1965-01-23,1999-01-31,9999-01-01,Assistant Engineer
70990,Arumugam,Nitta,1965-01-22,1990-03-23,9999-01-01,Senior Engineer
71188,Pranjal,Schapiro,1965-01-02,1986-12-14,9999-01-01,Staff
71243,Kinh,Buchter,1965-01-10,1986-03-29,9999-01-01,Senior Engineer
71334,Cathie,Peck,1965-01-15,2001-03-04,9999-01-01,Senior Engineer
71685,Kristinn,Olano,1965-01-01,1989-10-03,9999-01-01,Senior Engineer
72190,Sajjad,Waeselynck,1965-01-19,1999-09-13,9999-01-01,Engineer
72918,Takahira,Szilard,1965-01-22,1988-01-16,9999-01-01,Staff
73233,Shigeo,Merey,1965-01-15,1985-07-30,9999-01-01,Senior Engineer
74668,Masako,Bonifati,1965-01-01,1987-04-09,9999-01-01,Senior Staff
75354,Shuky,Jakobus,1965-01-11,1986-06-16,9999-01-01,Senior Engineer
76189,Kolar,Hinsberger,1965-01-02,1986-10-20,9999-01-01,Senior Engineer
77030,Faiza,Garnham,1965-01-02,1986-03-02,9999-01-01,Technique Leader
77303,Xinglin,Birge,1965-01-18,1992-03-05,9999-01-01,Staff
78106,Ashish,Ratnaker,1965-01-09,2000-01-17,9999-01-01,Senior Staff
78871,Conor,Ghandeharizadeh,1965-01-15,1985-05-25,9999-01-01,Senior Engineer
79043,Katsuo,Hockney,1965-01-24,1999-11-07,9999-01-01,Technique Leader
79310,Jeong,Cunliffe,1965-01-24,1996-10-27,9999-01-01,Senior Staff
79606,Arnd,Peir,1965-01-03,1986-12-11,9999-01-01,Senior Engineer
79763,Sanjoy,Barreiro,1965-01-20,1988-04-09,9999-01-01,Staff
79895,Fei,Murtagh,1965-01-30,1986-01-19,9999-01-01,Senior Staff
80067,Kazuhisa,Weiland,1965-01-19,1985-11-09,9999-01-01,Senior Staff
80731,Shaowen,Eldridge,1965-01-25,1987-12-05,9999-01-01,Staff
80889,Shigeo,Linnainmaa,1965-01-07,1985-07-30,9999-01-01,Senior Engineer
81105,Jaewon,Boissier,1965-01-14,1992-05-24,9999-01-01,Senior Engineer
81995,Sreekrishna,Brender,1965-01-10,1990-03-22,9999-01-01,Senior Engineer
82919,Shigeu,Claffy,1965-01-05,1998-12-19,9999-01-01,Engineer
83544,Leaf,Baak,1965-01-18,1994-09-05,9999-01-01,Staff
83805,Manohar,Harllee,1965-01-23,1987-03-11,9999-01-01,Senior Engineer
84236,Eberhardt,Barriga,1965-01-18,1987-06-04,9999-01-01,Staff
84451,Shiv,Aumann,1965-01-20,1998-06-14,9999-01-01,Senior Engineer
84922,Parke,Unno,1965-01-22,1996-07-01,9999-01-01,Engineer
84942,Shin,Fujisaki,1965-01-15,1988-02-23,9999-01-01,Technique Leader
85702,Udi,Merks,1965-01-04,1997-08-15,9999-01-01,Engineer
85874,Pasqua,Taubman,1965-01-30,1986-06-23,9999-01-01,Senior Staff
86213,Kristine,Clemencon,1965-01-28,1993-06-01,9999-01-01,Senior Staff
86422,Jaewon,Thummel,1965-02-01,1985-09-14,9999-01-01,Staff
86546,Oldrich,Woycyznski,1965-01-09,1985-05-15,9999-01-01,Engineer
86672,JoAnne,Anido,1965-01-15,1995-09-15,9999-01-01,Staff
87729,Yongmin,Roccetti,1965-01-24,1986-12-10,9999-01-01,Staff
87783,Conor,Thorensen,1965-01-26,1988-02-24,9999-01-01,Senior Engineer
88411,Lena,Cannane,1965-01-31,2000-01-28,9999-01-01,Engineer
88422,Jungsoon,Birsak,1965-01-28,1985-04-03,9999-01-01,Technique Leader
89048,Otmar,Birjandi,1965-01-24,1985-03-23,9999-01-01,Engineer
89680,Aiman,Mawatari,1965-01-27,1988-05-01,9999-01-01,Engineer
89922,Alexius,Ibel,1965-01-26,1988-04-24,9999-01-01,Senior Engineer
90077,Vivian,Guerreiro,1965-01-24,1991-07-08,9999-01-01,Assistant Engineer
90518,Fumiko,Chepyzhov,1965-01-24,1988-01-28,9999-01-01,Senior Staff
90614,Yonghoan,Trogemann,1965-01-29,1988-09-23,9999-01-01,Engineer
90692,Rajmohan,DasSarma,1965-01-03,1985-09-14,9999-01-01,Senior Staff
91172,Kazuhisa,Melter,1965-01-19,1987-07-16,9999-01-01,Staff
91182,Lucien,Schwartzburd,1965-01-04,1988-08-25,9999-01-01,Engineer
91229,Yahiko,Hebden,1965-01-01,1996-10-03,9999-01-01,Senior Engineer
91415,Jamaludin,Nilsson,1965-01-04,1987-01-15,9999-01-01,Senior Staff
91648,Dmitry,Msuda,1965-01-29,1988-10-22,9999-01-01,Staff
92438,Aria,Kilgore,1965-01-04,1992-04-11,9999-01-01,Senior Engineer
92454,Visit,McFarlan,1965-01-24,1987-10-22,9999-01-01,Engineer
92846,Anyuan,Kropatsch,1965-01-11,1986-09-05,9999-01-01,Senior Staff
92920,Huei,Hutter,1965-01-20,1993-01-28,9999-01-01,Senior Engineer
93220,Richara,Walston,1965-01-11,1996-08-27,9999-01-01,Senior Engineer
93278,Magdalena,Penn,1965-02-01,1997-01-04,9999-01-01,Engineer
93549,Arie,Coullard,1965-02-01,2000-03-28,9999-01-01,Staff
93600,Kristina,Neimat,1965-01-13,1988-04-18,9999-01-01,Technique Leader
94761,Hitofumi,Zaccaria,1965-01-27,1988-11-22,9999-01-01,Senior Engineer
94944,Heping,Matheson,1965-01-13,1988-06-24,9999-01-01,Senior Engineer
95286,Kristin,Guerreiro,1965-01-18,1989-08-23,9999-01-01,Senior Engineer
96767,Arumugam,Vecchio,1965-01-07,1985-08-14,9999-01-01,Senior Engineer
98306,Ziya,Kadhim,1965-01-16,1999-06-24,9999-01-01,Senior Engineer
99057,Shugo,Reeken,1965-01-30,1999-06-21,9999-01-01,Staff
99373,Xiaobin,Christianini,1965-01-13,1985-12-25,9999-01-01,Staff
99654,Mahendra,Motley,1965-01-30,1985-09-28,9999-01-01,Staff
101902,Mantis,Millington,1965-01-14,1991-03-18,9999-01-01,Staff
103196,Djenana,Albarhamtoshy,1965-01-16,1988-07-16,9999-01-01,Staff
103316,Susanne,Peternell,1965-01-03,1994-07-27,9999-01-01,Senior Engineer
105356,Diederik,Matzov,1965-01-29,1995-03-08,9999-01-01,Senior Engineer
105520,Haldun,Lienhardt,1965-01-01,1987-01-29,9999-01-01,Senior Staff
106242,Nevio,Thisen,1965-02-01,1988-03-25,9999-01-01,Staff
106695,Lijie,Garrabrants,1965-01-31,1988-10-26,9999-01-01,Staff
106710,Babette,Anandan,1965-01-31,1986-11-22,9999-01-01,Staff
107486,Siamak,Luiz,1965-01-23,1987-02-11,9999-01-01,Senior Engineer
107737,Fabrizio,Chleq,1965-01-23,1999-07-31,9999-01-01,Senior Engineer
107792,Shahab,Crooks,1965-01-13,1992-03-18,9999-01-01,Staff
108091,Hisao,Ghemri,1965-01-09,1985-11-14,9999-01-01,Senior Staff
108198,Randi,Samarati,1965-01-24,1992-10-20,9999-01-01,Staff
109062,Jamaludin,Kandlur,1965-02-01,1992-06-19,9999-01-01,Senior Engineer
109211,Gor,Delgrande,1965-01-11,2002-06-18,9999-01-01,Engineer
109278,Bangqing,Schach,1965-01-21,1988-03-22,9999-01-01,Senior Staff
109598,Stamatina,Auyong,1965-02-01,1988-07-05,9999-01-01,Senior Staff
109953,Godehard,Chorvat,1965-01-26,1988-04-10,9999-01-01,Staff
200312,Akemi,Fujisaki,1965-01-27,2001-11-13,9999-01-01,Senior Engineer
200363,Kirk,Quaggetto,1965-01-10,1987-06-30,9999-01-01,Senior Engineer
201229,Alejandra,Khasidashvili,1965-01-03,1994-07-30,9999-01-01,Staff
201709,Fan,Kakkad,1965-01-01,1988-02-25,9999-01-01,Senior Staff
201801,Waiman,Genin,1965-01-12,1988-10-30,9999-01-01,Engineer
202414,Zvonko,Murthy,1965-01-13,1992-01-07,9999-01-01,Senior Staff
202826,Kerhong,Matzke,1965-01-19,1986-11-14,9999-01-01,Senior Engineer
202950,Giordano,Pietrzykowski,1965-01-17,1987-03-26,9999-01-01,Senior Staff
203495,Zongyan,Gips,1965-01-02,1997-05-31,9999-01-01,Technique Leader
203599,Ewing,DiGiano,1965-01-21,2000-02-01,9999-01-01,Technique Leader
203720,Sasan,Thimonier,1965-01-30,1996-08-21,9999-01-01,Senior Staff
204246,Arve,Worfolk,1965-01-09,1985-04-01,9999-01-01,Staff
204425,Gretta,Huttel,1965-01-03,1990-10-08,9999-01-01,Senior Engineer
204471,Franziska,Maginnis,1965-01-27,1986-02-17,9999-01-01,Senior Engineer
205085,Moni,Kornyak,1965-01-23,1991-09-26,9999-01-01,Technique Leader
205174,Leszek,Spinelli,1965-01-05,1998-12-10,9999-01-01,Staff
206748,Yucai,Fabrizio,1965-01-07,1999-10-06,9999-01-01,Staff
206836,Guadalupe,Pfau,1965-01-12,1993-03-22,9999-01-01,Senior Staff
206966,Tzu,Sichman,1965-01-21,1987-11-17,9999-01-01,Engineer
207021,Jacqueline,Akaboshi,1965-01-20,1997-12-06,9999-01-01,Engineer
207401,Shuji,Barbanera,1965-01-04,1987-08-10,9999-01-01,Staff
208147,Manu,Rothenberg,1965-01-09,1988-12-06,9999-01-01,Senior Engineer
208330,Shen,Flanders,1965-01-11,1989-07-03,9999-01-01,Staff
208784,Pranjal,Juneja,1965-01-30,1985-03-21,9999-01-01,Senior Engineer
209443,Krassimir,Garnier,1965-01-19,1998-01-26,9999-01-01,Senior Staff
209712,Nimmagadda,Baak,1965-01-17,1987-10-30,9999-01-01,Engineer
210752,Saniya,Stenning,1965-01-25,1986-12-10,9999-01-01,Senior Staff
211858,Domenico,Ratnaker,1965-01-08,1985-03-24,9999-01-01,Senior Engineer
212154,Sailaja,Holburn,1965-01-17,1991-03-04,9999-01-01,Staff
213384,Pranas,Narwekar,1965-01-04,1985-09-26,9999-01-01,Engineer
214215,Xiaoqiang,Cardazo,1965-01-25,1993-05-28,9999-01-01,Senior Staff
214427,Peer,Molberg,1965-01-29,1996-11-17,9999-01-01,Engineer
214789,Arfst,Chepyzhov,1965-01-28,1989-02-06,9999-01-01,Engineer
214866,Gopalakrishnan,Angel,1965-02-01,1997-07-05,9999-01-01,Senior Engineer
214995,Dinkar,Hoppenstand,1965-01-12,1994-05-04,9999-01-01,Engineer
215629,Munehiro,Manders,1965-01-15,1987-05-18,9999-01-01,Staff
215843,Pramod,Loncour,1965-01-30,1987-03-31,9999-01-01,Senior Staff
216054,Sahrah,Angiulli,1965-01-24,1986-07-31,9999-01-01,Senior Staff
216375,Byong,Gustavson,1965-01-16,1985-03-12,9999-01-01,Senior Engineer
216502,Xiaocheng,Suermann,1965-01-26,1997-12-15,9999-01-01,Engineer
217080,Masami,Puoti,1965-01-12,2000-01-21,9999-01-01,Senior Engineer
217272,Yuchang,Eldridge,1965-01-21,1986-08-01,9999-01-01,Senior Staff
217320,Abdelwaheb,Denis,1965-01-10,1993-09-10,9999-01-01,Engineer
217363,Horward,Marzano,1965-01-14,1996-04-11,9999-01-01,Staff
217387,Jianhao,Molenaar,1965-01-21,1987-10-22,9999-01-01,Engineer
217551,Panayotis,Lukaszewicz,1965-01-02,1989-06-06,9999-01-01,Senior Engineer
217800,Shay,Servieres,1965-02-01,1998-08-06,9999-01-01,Senior Staff
218022,Mokhtar,Poupard,1965-01-26,1992-02-02,9999-01-01,Technique Leader
219035,Kristine,Bierman,1965-01-18,1988-05-13,9999-01-01,Technique Leader
219047,Aemilian,Kusalik,1965-01-30,1987-05-27,9999-01-01,Senior Engineer
219417,Subhrajyoti,Denna,1965-01-29,1996-07-25,9999-01-01,Staff
220029,Demos,Asser,1965-01-17,1985-11-04,9999-01-01,Senior Engineer
220582,Poornachandra,Zielinski,1965-01-08,1996-02-13,9999-01-01,Staff
220799,Perla,Orlowska,1965-01-17,1998-10-13,9999-01-01,Senior Engineer
221126,Tesuya,dAstous,1965-01-23,1988-11-29,9999-01-01,Engineer
221369,Abdulah,Pocchiola,1965-01-28,1996-08-28,9999-01-01,Engineer
221435,Djenana,Marrevee,1965-01-06,1994-02-06,9999-01-01,Senior Engineer
222206,Stein,Uludag,1965-01-21,1988-01-30,9999-01-01,Staff
222311,Miyeon,Billingsley,1965-01-20,1992-12-05,9999-01-01,Senior Engineer
222952,Gopalakrishnan,Suermann,1965-01-28,1991-04-30,9999-01-01,Senior Engineer
222998,Leaf,Awdeh,1965-01-07,1992-10-02,9999-01-01,Staff
224335,Perry,Chachaty,1965-01-29,1985-07-22,9999-01-01,Senior Engineer
224934,George,Miake,1965-01-05,1988-01-02,9999-01-01,Staff
225788,Ipke,Kieras,1965-01-08,1995-12-18,9999-01-01,Engineer
226227,Herbert,Erva,1965-01-07,1986-09-06,9999-01-01,Senior Engineer
227354,Gio,Murtha,1965-01-12,1986-11-11,9999-01-01,Senior Engineer
227476,Macha,Schnabel,1965-01-11,1988-05-11,9999-01-01,Senior Engineer
228248,Yuriy,Plump,1965-01-09,1988-09-08,9999-01-01,Staff
229098,Berry,Yurek,1965-01-08,1995-08-16,9999-01-01,Senior Staff
229220,Fabrizio,Lichtman,1965-01-21,1987-02-09,9999-01-01,Senior Engineer
229547,Moni,Schach,1965-01-03,1986-07-04,9999-01-01,Staff
229981,Jamaludin,Fordan,1965-01-19,1992-02-06,9999-01-01,Senior Engineer
230126,Bezalel,Radivojevic,1965-01-31,1988-07-02,9999-01-01,Staff
230689,Dietrich,Crabtree,1965-01-14,1986-05-24,9999-01-01,Senior Staff
230865,Takushi,Brattka,1965-01-02,1999-06-03,9999-01-01,Staff
231671,Chandrasekaran,Pearson,1965-01-07,1995-04-14,9999-01-01,Staff
231798,Goetz,Alvarado,1965-01-28,1988-12-25,9999-01-01,Senior Engineer
232209,Nitsan,Rouquie,1965-01-11,1988-08-01,9999-01-01,Senior Engineer
232697,Barry,Ramsak,1965-01-23,1990-09-07,9999-01-01,Engineer
233114,Alselm,Gargeya,1965-01-20,1987-12-25,9999-01-01,Senior Engineer
233690,Cedric,Riefers,1965-01-17,1994-09-08,9999-01-01,Engineer
233759,Zissis,Lodder,1965-01-14,2000-05-27,9999-01-01,Engineer
233785,Baziley,Ballarin,1965-01-30,1987-07-28,9999-01-01,Staff
233818,Kellie,Heydon,1965-01-01,1985-11-11,9999-01-01,Engineer
234195,Luerbio,Terkki,1965-01-07,1991-05-14,9999-01-01,Senior Staff
234739,Foong,Aamodt,1965-01-31,1986-06-28,9999-01-01,Senior Engineer
235096,Sverrir,Gyimothy,1965-01-21,1995-07-30,9999-01-01,Senior Staff
235368,Anneli,Joslin,1965-01-09,1987-04-12,9999-01-01,Senior Engineer
236591,Insup,Reinhard,1965-01-11,1985-04-08,9999-01-01,Staff
236964,Adel,Foote,1965-01-17,2000-03-20,9999-01-01,Staff
238252,Uno,Suppi,1965-01-09,1996-12-27,9999-01-01,Staff
238422,Vishv,Angelov,1965-01-10,1988-03-08,9999-01-01,Staff
238949,Minghong,Cronin,1965-01-09,1987-10-04,9999-01-01,Senior Staff
239067,Tadahiko,Pocchiola,1965-01-11,1996-04-02,9999-01-01,Staff
239244,Abdulla,Kitai,1965-01-13,1987-02-20,9999-01-01,Staff
239748,Bilhanan,Dusink,1965-01-23,1988-06-04,9999-01-01,Senior Staff
239803,Oscal,Ernst,1965-01-30,1992-05-19,9999-01-01,Staff
240236,True,Tischendorf,1965-01-24,1986-01-19,9999-01-01,Senior Engineer
240285,Kolar,Greenaway,1965-01-23,1998-11-14,9999-01-01,Staff
240340,Mack,Staylopatis,1965-01-14,1985-04-02,9999-01-01,Senior Engineer
240870,Francesca,Chorvat,1965-01-06,1992-03-17,9999-01-01,Senior Staff
241254,Jagoda,Anguita,1965-01-15,1993-05-11,9999-01-01,Senior Engineer
241292,Uri,Lampe,1965-01-29,2001-12-11,9999-01-01,Staff
241567,Emran,Miara,1965-01-18,1989-05-02,9999-01-01,Engineer
241667,Atilio,Olivero,1965-01-28,1985-09-04,9999-01-01,Senior Engineer
241728,Limsoon,Boudaillier,1965-01-30,1999-08-08,9999-01-01,Senior Engineer
241872,Bluma,Fetvedt,1965-01-11,2001-11-14,9999-01-01,Staff
242104,Richara,Sudkamp,1965-01-05,1989-09-05,9999-01-01,Staff
243077,Kazunori,Perz,1965-02-01,1999-02-25,9999-01-01,Senior Engineer
243576,Abdulah,Lodder,1965-01-04,1996-11-10,9999-01-01,Senior Staff
243637,Marjo,Delgrange,1965-01-16,1990-06-24,9999-01-01,Staff
244605,Masoud,Suwa,1965-01-22,1998-10-10,9999-01-01,Staff
244624,Boaz,Seuren,1965-01-31,1987-03-27,9999-01-01,Senior Staff
244820,Shigenori,Hertweck,1965-01-15,1987-04-13,9999-01-01,Senior Engineer
244873,Arunachalam,Oppitz,1965-01-04,1986-05-20,9999-01-01,Staff
245664,Manohar,Kilgore,1965-01-18,1998-11-17,9999-01-01,Staff
246146,Zhongwei,Melski,1965-01-30,1987-09-04,9999-01-01,Senior Engineer
246764,Shuzo,Czaja,1965-01-04,1997-11-29,9999-01-01,Staff
246902,Shih,Shanbhogue,1965-01-27,1998-04-19,9999-01-01,Staff
247612,Chiranjit,Constantine,1965-01-04,1997-05-25,9999-01-01,Engineer
247888,Abdelghani,Lagarias,1965-01-15,1985-09-06,9999-01-01,Engineer
248351,Jaana,Milicia,1965-02-01,1985-06-02,9999-01-01,Senior Staff
249433,Ayonca,Matzov,1965-01-16,1988-06-03,9999-01-01,Senior Engineer
249780,Nechama,Gaughan,1965-01-12,1993-07-09,9999-01-01,Engineer
250748,Kish,Turnbull,1965-01-27,1987-02-10,9999-01-01,Senior Engineer
251166,Hinrich,Hooghiemstra,1965-01-22,1985-10-05,9999-01-01,Staff
251301,Pintsang,Impagliazzo,1965-01-30,1989-05-06,9999-01-01,Senior Staff
251341,Divier,Kumaresan,1965-01-11,1992-12-05,9999-01-01,Staff
251680,Moty,Sommen,1965-01-05,1990-08-14,9999-01-01,Senior Engineer
252185,Chaosheng,Conta,1965-01-01,1997-04-14,9999-01-01,Engineer
253707,Insup,Hainaut,1965-01-05,1998-02-11,9999-01-01,Staff
253838,Stafford,Terlouw,1965-01-28,1999-02-21,9999-01-01,Assistant Engineer
255466,Huan,Roccetti,1965-01-18,1985-07-03,9999-01-01,Senior Engineer
255657,Oldrich,Cyre,1965-01-20,1985-02-10,9999-01-01,Senior Engineer
256856,Hongzue,Barbanera,1965-01-03,1987-06-17,9999-01-01,Staff
256881,Ioana,Jakobus,1965-01-03,1990-08-10,9999-01-01,Senior Engineer
257378,Pascal,Bernatsky,1965-01-06,1988-09-03,9999-01-01,Staff
257469,Anyuan,Hanratty,1965-01-22,1988-01-06,9999-01-01,Staff
257484,Shaowei,Nicolson,1965-01-01,1986-12-07,9999-01-01,Staff
259237,Palash,Gammage,1965-01-27,1987-10-23,9999-01-01,Staff
259718,Stepehn,Bouloucos,1965-01-24,1993-12-13,9999-01-01,Staff
260249,Vugranam,Beausoleil,1965-01-22,1998-05-14,9999-01-01,Staff
260408,Sasan,Brookner,1965-01-19,1996-09-03,9999-01-01,Senior Staff
261184,Masako,Kornatzky,1965-01-30,1987-08-29,9999-01-01,Senior Engineer
261737,Mark,Lindqvist,1965-01-23,1990-11-22,9999-01-01,Senior Engineer
262208,Mrinalini,Holburn,1965-01-16,1987-05-23,9999-01-01,Senior Staff
262210,Chinho,Bottner,1965-01-22,1985-07-29,9999-01-01,Engineer
262328,Mayuko,Vural,1965-01-03,1997-12-24,9999-01-01,Staff
262439,Lorien,Lagarias,1965-01-30,1985-10-10,9999-01-01,Staff
262636,Tamiya,Reutenauer,1965-01-04,1992-04-10,9999-01-01,Senior Engineer
263012,Hideo,Buchter,1965-01-09,1999-05-01,9999-01-01,Staff
263439,Atreye,Kabayashi,1965-01-09,1986-12-15,9999-01-01,Senior Engineer
263649,Mechthild,Zongker,1965-01-17,1993-07-26,9999-01-01,Senior Staff
263926,Fusako,Schwartzbauer,1965-01-03,1985-04-07,9999-01-01,Staff
264030,Zdislav,Solares,1965-01-15,1990-12-14,9999-01-01,Engineer
264939,Bogdan,Bahi,1965-01-10,1999-02-13,9999-01-01,Senior Engineer
265521,Kensei,Salverda,1965-01-04,1993-05-25,9999-01-01,Senior Engineer
265558,Susuma,Kleiser,1965-01-31,1987-08-02,9999-01-01,Staff
265794,Miquel,Halloran,1965-01-15,1994-01-14,9999-01-01,Senior Staff
265875,Fan,Marsiglia,1965-01-20,1989-09-03,9999-01-01,Engineer
266206,Zsolt,Anily,1965-02-01,1985-08-19,9999-01-01,Staff
266310,Zvonko,Serdy,1965-01-23,1987-06-24,9999-01-01,Senior Staff
266862,Mart,Plumb,1965-01-10,1986-04-21,9999-01-01,Senior Staff
267667,Irena,Kaiserswerth,1965-01-05,1987-09-05,9999-01-01,Senior Staff
268043,Narain,Mikschl,1965-01-28,1997-11-02,9999-01-01,Engineer
268191,LiMin,Teitelbaum,1965-01-07,1990-11-01,9999-01-01,Engineer
269728,Naftali,Kragelund,1965-01-12,1987-05-16,9999-01-01,Staff
270084,Ulises,Frolund,1965-01-11,1986-07-26,9999-01-01,Senior Staff
270716,Shunichi,Baer,1965-01-19,1998-02-04,9999-01-01,Staff
272141,Tsutomu,Neiman,1965-01-13,1996-07-31,9999-01-01,Senior Staff
272285,Gully,Mitchem,1965-01-19,1986-01-22,9999-01-01,Staff
273159,Divine,Hofmeyr,1965-01-26,1989-04-14,9999-01-01,Technique Leader
273286,Brigham,Asmuth,1965-01-26,1989-01-23,9999-01-01,Senior Engineer
273858,Gunilla,Matzen,1965-01-13,1990-12-28,9999-01-01,Senior Staff
274271,Prodip,Ritcey,1965-01-10,1986-09-10,9999-01-01,Staff
274369,Ranga,Waymire,1965-01-29,1997-01-27,9999-01-01,Senior Staff
275158,Satyanarayana,Brandsma,1965-01-07,1999-12-08,9999-01-01,Engineer
275801,Ayakannu,Heinisuo,1965-01-22,1986-06-28,9999-01-01,Senior Staff
275881,Jiann,Munro,1965-01-08,1988-05-18,9999-01-01,Senior Engineer
275994,Uma,Prampolini,1965-01-29,1991-02-21,9999-01-01,Senior Engineer
276027,Holgard,Stavenow,1965-01-04,1986-02-28,9999-01-01,Staff
276186,Sajjad,Vecchi,1965-01-30,1993-06-02,9999-01-01,Staff
276445,Atilio,Randi,1965-01-27,1988-07-02,9999-01-01,Senior Engineer
276472,Hideyuki,Flanders,1965-01-27,1988-11-10,9999-01-01,Senior Engineer
276563,Gift,Solares,1965-01-01,1995-08-01,9999-01-01,Senior Staff
277829,Michaela,Fandrianto,1965-01-22,1986-06-02,9999-01-01,Senior Engineer
278239,Boaz,Bottner,1965-01-19,1994-02-06,9999-01-01,Staff
278452,Sudhanshu,Toyoshima,1965-01-07,1987-08-29,9999-01-01,Senior Staff
279791,Chiranjit,Lyonns,1965-01-10,1986-12-24,9999-01-01,Engineer
280070,Niteen,Ebeling,1965-01-24,1988-03-29,9999-01-01,Staff
280291,Lenore,Badache,1965-01-26,1998-11-24,9999-01-01,Staff
280420,Jahangir,Hofting,1965-01-31,1986-09-28,9999-01-01,Staff
280648,Heeju,Lorys,1965-01-04,1986-12-27,9999-01-01,Engineer
281848,Parke,Staylopatis,1965-01-29,1993-07-31,9999-01-01,Engineer
281859,Masanao,Papastamatiou,1965-01-17,1985-11-25,9999-01-01,Senior Engineer
282343,Xinglin,Haldar,1965-01-13,1988-07-20,9999-01-01,Staff
284431,Pintsang,Fujisawa,1965-01-25,1996-04-16,9999-01-01,Senior Staff
284561,Duri,Beznosov,1965-01-03,1988-02-15,9999-01-01,Senior Engineer
284687,Oksana,Redmiles,1965-01-15,1985-06-22,9999-01-01,Senior Engineer
284691,Theron,Ressouche,1965-01-04,1988-08-17,9999-01-01,Senior Engineer
284711,Martijn,Azevdeo,1965-01-21,1988-02-10,9999-01-01,Senior Engineer
284954,Anneke,Hammerschmidt,1965-01-16,1996-01-30,9999-01-01,Engineer
285396,Lena,Kohling,1965-01-27,1986-10-04,9999-01-01,Engineer
287323,Steve,Dengi,1965-02-01,1999-09-15,9999-01-01,Staff
287583,Jovan,Hockney,1965-01-18,1990-06-21,9999-01-01,Senior Engineer
287609,Sailaja,Negoita,1965-01-06,1988-01-20,9999-01-01,Assistant Engineer
287713,Aamod,Ranka,1965-01-23,1992-12-07,9999-01-01,Senior Staff
287984,Troy,Kobuchi,1965-01-09,1991-02-12,9999-01-01,Engineer
288028,Kauko,Narwekar,1965-01-22,1985-12-16,9999-01-01,Engineer
288560,Yifei,Birjandi,1965-01-16,1994-02-07,9999-01-01,Staff
288665,Horward,Khasidashvili,1965-01-31,1998-11-19,9999-01-01,Senior Engineer
288893,Bedrich,Rosenbaum,1965-01-30,1991-01-27,9999-01-01,Engineer
289454,Bowen,Narwekar,1965-01-20,1985-03-08,9999-01-01,Senior Engineer
289687,Fai,Maccarone,1965-01-31,1985-10-30,9999-01-01,Staff
290441,Gregory,Collavizza,1965-01-25,1987-09-09,9999-01-01,Senior Staff
290467,Shaowen,Poulakidas,1965-01-29,1987-04-15,9999-01-01,Staff
290563,Shigehiro,Oxenboll,1965-01-09,1986-02-26,9999-01-01,Senior Engineer
291612,Siamak,Gomatam,1965-01-30,1998-07-08,9999-01-01,Engineer
291669,Faiza,Bach,1965-01-04,1999-09-13,9999-01-01,Engineer
292515,Bernd,Thummel,1965-01-04,1989-08-03,9999-01-01,Engineer
292828,Ziya,Tokunaga,1965-01-10,1986-01-08,9999-01-01,Senior Engineer
293080,Hideyuki,Slaats,1965-01-12,1987-05-30,9999-01-01,Senior Staff
293280,Moti,Steenbeek,1965-01-24,1987-01-22,9999-01-01,Senior Engineer
293329,Fumiya,Griswold,1965-01-15,1986-06-12,9999-01-01,Senior Engineer
293752,Jungsoon,Bail,1965-01-04,1986-02-18,9999-01-01,Senior Staff
294461,Siddarth,Rosiles,1965-01-14,1985-11-18,9999-01-01,Senior Engineer
294527,Ashish,Candan,1965-01-04,1992-02-02,9999-01-01,Senior Staff
294652,Hironobu,Brodie,1965-01-27,1998-12-21,9999-01-01,Senior Engineer
294857,Caolyn,Ozeri,1965-01-15,1986-07-29,9999-01-01,Engineer
295030,Fun,Keirsey,1965-01-01,1985-07-09,9999-01-01,Senior Staff
295236,Kauko,Fujisawa,1965-01-24,1987-09-13,9999-01-01,Senior Engineer
295254,Xuejun,Pfau,1965-01-15,1985-07-24,9999-01-01,Staff
295255,Jacopo,Bellone,1965-01-04,1988-03-13,9999-01-01,Technique Leader
296303,Mariangiola,Heyers,1965-01-28,1992-08-04,9999-01-01,Technique Leader
296664,Dipayan,Geffroy,1965-01-31,1987-09-17,9999-01-01,Senior Engineer
296718,Kamakshi,Bahl,1965-01-30,1987-12-22,9999-01-01,Senior Engineer
297232,Lokesh,Saoudi,1965-01-16,1999-05-25,9999-01-01,Senior Staff
298339,King,Benzmuller,1965-01-11,1986-09-04,9999-01-01,Engineer
298577,Florina,Litecky,1965-01-11,1985-12-02,9999-01-01,Senior Staff
299737,Patricio,Itzfeldt,1965-02-01,1985-05-21,9999-01-01,Staff
400683,Kamakshi,Manders,1965-01-28,1995-08-05,9999-01-01,Staff
400780,Poornachandra,Asser,1965-01-09,1993-11-07,9999-01-01,Engineer
401154,Danae,Kragelund,1965-01-27,1987-05-20,9999-01-01,Staff
401278,Oguz,Schurmann,1965-01-16,1986-11-11,9999-01-01,Assistant Engineer
401333,Martins,Shokrollahi,1965-01-30,1986-11-04,9999-01-01,Senior Engineer
401420,Florian,Uhrig,1965-01-06,1987-01-31,9999-01-01,Senior Staff
401574,Yannik,Falco,1965-01-13,1988-01-15,9999-01-01,Technique Leader
402025,Shigehito,Duclos,1965-01-20,1987-09-20,9999-01-01,Senior Engineer
402664,Subhada,Janetzko,1965-01-04,1987-01-25,9999-01-01,Senior Engineer
402718,Jeanna,Rettelbach,1965-01-17,1990-02-14,9999-01-01,Engineer
402827,Weidon,Pollacia,1965-01-28,2002-03-24,9999-01-01,Staff
403010,Toshimitsu,Sluis,1965-01-16,1985-02-18,9999-01-01,Senior Engineer
403621,Deborah,Kaminger,1965-01-07,1988-06-04,9999-01-01,Senior Staff
404236,Zengping,Kakkar,1965-01-12,1988-07-22,9999-01-01,Senior Engineer
404462,Anestis,Setlzner,1965-01-09,1985-07-13,9999-01-01,Senior Engineer
404788,Basem,Beausoleil,1965-01-16,1998-03-16,9999-01-01,Engineer
405015,Morris,Fargier,1965-01-02,1988-06-29,9999-01-01,Staff
406125,Georgi,Portugali,1965-01-25,1987-09-27,9999-01-01,Technique Leader
406714,Malu,Ossenbruggen,1965-02-01,1986-11-21,9999-01-01,Staff
407837,Fei,Erez,1965-02-01,1988-04-02,9999-01-01,Senior Engineer
408019,Shridhar,Chleq,1965-01-01,1986-03-22,9999-01-01,Assistant Engineer
408654,Yongqiao,Cochrane,1965-01-09,1986-10-27,9999-01-01,Staff
408953,Jolita,Claffy,1965-01-26,1993-12-24,9999-01-01,Senior Engineer
410028,Xiadong,McClurg,1965-01-11,1985-09-17,9999-01-01,Senior Staff
410881,Koichi,Grabner,1965-01-06,2000-04-05,9999-01-01,Senior Engineer
411070,Otmar,Brandsma,1965-01-29,1987-05-28,9999-01-01,Senior Engineer
413098,Hsiangchu,Taubenfeld,1965-01-26,1993-04-17,9999-01-01,Senior Staff
413205,Mototsugu,Prampolini,1965-01-09,1988-06-12,9999-01-01,Senior Staff
413666,Remco,Duclos,1965-01-05,1988-04-18,9999-01-01,Staff
414027,Tadanori,Msuda,1965-01-31,1993-02-20,9999-01-01,Senior Engineer
414091,Wuxu,Kuhnemann,1965-01-17,1997-08-19,9999-01-01,Engineer
414543,Bernd,Anick,1965-01-03,1988-11-19,9999-01-01,Senior Engineer
414662,Ipke,Schneeberger,1965-01-21,1985-09-20,9999-01-01,Engineer
415187,Juyoung,Peltason,1965-01-03,1998-09-01,9999-01-01,Assistant Engineer
415363,Conal,Shackell,1965-01-19,1995-02-23,9999-01-01,Staff
415563,Mrinalini,Bierbaum,1965-01-21,1986-03-12,9999-01-01,Engineer
416074,Alain,Lieberherr,1965-01-08,1987-05-11,9999-01-01,Senior Engineer
416420,Adamantios,Heemskerk,1965-01-22,1986-08-08,9999-01-01,Senior Staff
416492,Kannan,Meriste,1965-01-15,1992-08-12,9999-01-01,Senior Engineer
416660,Nathalie,Luke,1965-01-28,1987-09-16,9999-01-01,Senior Engineer
416877,Gio,Orsini,1965-01-02,1988-12-07,9999-01-01,Senior Staff
416892,Shooichi,Vandervoorde,1965-01-03,1996-08-16,9999-01-01,Engineer
418309,Danel,Petereit,1965-01-24,1985-02-21,9999-01-01,Senior Engineer
418717,Arunachalam,Magliocco,1965-01-20,1987-12-23,9999-01-01,Staff
419099,Heon,Broomell,1965-01-15,1998-05-06,9999-01-01,Staff
419953,Ung,Orlowski,1965-01-29,1991-07-22,9999-01-01,Staff
420086,Susuma,Kitsuregawa,1965-01-27,1985-05-28,9999-01-01,Senior Engineer
420476,Mariangiola,Bolsens,1965-01-28,1985-06-15,9999-01-01,Staff
420694,Frazer,Barbanera,1965-01-19,1986-11-04,9999-01-01,Staff
420732,Willard,Morrin,1965-01-06,1996-05-27,9999-01-01,Staff
420877,Khosrow,Erez,1965-01-29,1990-02-11,9999-01-01,Staff
421033,Garnik,Randt,1965-01-14,1989-12-23,9999-01-01,Senior Staff
421384,Renny,Bednarek,1965-01-02,1987-06-01,9999-01-01,Staff
422146,Kenton,Miara,1965-01-08,2002-03-13,9999-01-01,Engineer
423038,Takushi,Strehl,1965-01-20,1988-10-04,9999-01-01,Senior Staff
423204,Uma,Stranks,1965-01-08,1991-09-13,9999-01-01,Senior Staff
423214,Tsutomu,Tetzlaff,1965-01-31,1987-09-24,9999-01-01,Senior Staff
423327,Constantijn,Lichtman,1965-01-27,1994-06-26,9999-01-01,Senior Staff
423350,Heping,Monarch,1965-01-04,1988-04-15,9999-01-01,Staff
423633,Mariusz,Tokunaga,1965-01-30,1985-02-11,9999-01-01,Senior Engineer
423993,Seshu,Kolvik,1965-01-01,1988-12-09,9999-01-01,Technique Leader
424569,Danco,Luff,1965-01-14,1997-10-30,9999-01-01,Engineer
424797,Theron,Itschner,1965-01-19,1985-05-16,9999-01-01,Staff
424805,Jacqueline,Zallocco,1965-01-24,1987-12-17,9999-01-01,Staff
424930,Xuejun,Reeker,1965-01-19,1988-11-18,9999-01-01,Senior Staff
424984,Vasilis,Waleschkowski,1965-01-11,1996-05-26,9999-01-01,Engineer
425535,Alagu,Vieri,1965-01-18,1986-08-23,9999-01-01,Staff
425875,Jahangir,Kroft,1965-01-19,1990-06-11,9999-01-01,Staff
426153,Shahaf,Luce,1965-01-16,1999-04-06,9999-01-01,Senior Staff
426168,Kaijung,Mateescu,1965-01-10,1987-11-18,9999-01-01,Staff
426795,Huican,Lunn,1965-01-07,1986-07-23,9999-01-01,Senior Staff
426824,Gopalakrishnan,Mawatari,1965-01-25,1997-12-07,9999-01-01,Staff
426958,Weijing,Viele,1965-01-19,1985-10-03,9999-01-01,Engineer
427313,Utpal,Kemmerer,1965-01-31,1986-12-04,9999-01-01,Staff
427332,Feiyu,Hemaspaandra,1965-01-20,1995-06-04,9999-01-01,Staff
427571,Torsten,Ranta,1965-01-20,1995-07-03,9999-01-01,Senior Engineer
427776,Jaques,Navazio,1965-01-25,1989-04-04,9999-01-01,Staff
427852,Adil,Kieras,1965-01-02,1992-07-20,9999-01-01,Senior Engineer
428195,Hatsukazu,Rosca,1965-01-11,1993-08-02,9999-01-01,Staff
428219,Ghassan,Androutsos,1965-01-21,1987-12-26,9999-01-01,Senior Staff
429087,Hugh,Senzako,1965-01-27,1992-10-15,9999-01-01,Technique Leader
429231,Kazuyasu,Schmiedel,1965-01-09,1985-09-07,9999-01-01,Senior Staff
429249,Alassane,Wolniewicz,1965-01-28,1993-11-09,9999-01-01,Senior Engineer
429381,Limsoon,Roohalamini,1965-01-06,1986-11-26,9999-01-01,Staff
429703,Ung,Honglei,1965-01-06,1986-09-02,9999-01-01,Senior Staff
430558,Xiong,Roisin,1965-01-07,1988-03-01,9999-01-01,Senior Engineer
430631,Kersti,Marsiglia,1965-01-17,1994-02-19,9999-01-01,Engineer
430891,Khalil,Gien,1965-01-06,1991-08-06,9999-01-01,Senior Engineer
431576,Masamitsu,Back,1965-01-06,1993-04-12,9999-01-01,Staff
431657,Visit,Thiran,1965-01-31,1986-11-14,9999-01-01,Engineer
432031,Adamantios,Matzat,1965-01-11,1987-03-01,9999-01-01,Senior Staff
432121,Alair,Straney,1965-01-06,1986-11-15,9999-01-01,Senior Staff
432257,Kwangjo,Hiltgen,1965-01-20,1998-12-22,9999-01-01,Engineer
432261,Arve,Bergere,1965-01-30,1987-07-28,9999-01-01,Senior Engineer
432956,Qunsheng,Birrer,1965-01-25,1986-05-13,9999-01-01,Senior Staff
434845,Takushi,Skogmar,1965-01-11,1985-06-07,9999-01-01,Staff
434936,Sahrah,Rosis,1965-01-15,1994-06-24,9999-01-01,Engineer
435181,Kazuhide,Fiutem,1965-01-16,1992-05-10,9999-01-01,Senior Staff
435289,Feixiong,Schurmann,1965-01-04,1987-02-15,9999-01-01,Senior Staff
435791,Hercules,Speer,1965-01-07,1994-03-07,9999-01-01,Senior Engineer
436827,Wojceich,Limongiello,1965-01-30,1988-03-10,9999-01-01,Senior Staff
437276,Dines,DeMori,1965-01-17,1987-12-07,9999-01-01,Staff
437395,Sumant,Thambidurai,1965-01-21,1996-08-24,9999-01-01,Staff
438264,Rasikan,Barreiro,1965-01-19,1991-09-27,9999-01-01,Senior Staff
439905,Kousuke,Levasseur,1965-01-03,1990-03-16,9999-01-01,Staff
440642,Snehasis,Kalsbeek,1965-01-14,1988-01-06,9999-01-01,Staff
441197,Miquel,Legleitner,1965-01-18,1985-06-28,9999-01-01,Staff
441965,Claudi,Heijenga,1965-01-12,1988-08-30,9999-01-01,Staff
443485,Marke,Klerer,1965-01-23,1990-04-14,9999-01-01,Senior Staff
444099,Kousuke,Worfolk,1965-01-28,1988-03-22,9999-01-01,Staff
444208,Irena,Cesareni,1965-01-27,1985-10-30,9999-01-01,Senior Staff
445152,Heping,Peac,1965-01-09,1985-03-20,9999-01-01,Staff
445226,Oscar,Baumann,1965-01-01,1987-01-22,9999-01-01,Senior Engineer
445570,Van,Nations,1965-01-25,1986-08-11,9999-01-01,Technique Leader
445723,Gaurav,Roison,1965-01-31,1991-07-12,9999-01-01,Senior Staff
445941,Masako,Dechter,1965-01-11,1985-09-25,9999-01-01,Technique Leader
446424,DAIDA,Nooteboom,1965-01-16,1985-11-24,9999-01-01,Senior Engineer
446897,Takahiro,Dalton,1965-01-22,1992-09-30,9999-01-01,Technique Leader
447135,Gennady,Rouquie,1965-01-31,1989-08-24,9999-01-01,Senior Staff
447232,Aleksander,Schaaf,1965-01-22,2000-01-10,9999-01-01,Staff
447376,Kirk,Zongker,1965-01-07,1999-12-10,9999-01-01,Staff
447613,Paris,Restivo,1965-01-15,1986-11-21,9999-01-01,Engineer
447877,Make,Heuser,1965-01-13,1988-07-02,9999-01-01,Senior Engineer
447982,Shiv,Baezner,1965-01-25,1990-12-17,9999-01-01,Senior Engineer
448994,Haldun,Syang,1965-01-12,1997-02-11,9999-01-01,Staff
449815,Fumitaka,Quittner,1965-01-27,1988-04-20,9999-01-01,Senior Staff
449984,Hinrich,Perin,1965-02-01,1985-11-20,9999-01-01,Senior Engineer
450255,Udo,Waymire,1965-01-31,1986-06-14,9999-01-01,Technique Leader
450309,Gill,Orlowska,1965-01-08,1986-12-25,9999-01-01,Technique Leader
450817,DAIDA,Frolund,1965-01-10,1987-07-17,9999-01-01,Senior Engineer
450934,Chanjung,Raoux,1965-01-23,1992-05-25,9999-01-01,Senior Engineer
451253,Jaihie,Ozeri,1965-01-15,1991-06-21,9999-01-01,Staff
451272,Jacopo,Krohm,1965-01-02,1991-04-24,9999-01-01,Senior Engineer
451275,Bedrich,Isard,1965-01-25,1986-06-07,9999-01-01,Senior Staff
452137,Subir,Miake,1965-01-15,1999-01-09,9999-01-01,Senior Engineer
452365,Fei,Gadepally,1965-01-05,1988-11-13,9999-01-01,Engineer
452956,Gou,Thombley,1965-01-17,1990-11-07,9999-01-01,Senior Engineer
453723,Arne,Kohling,1965-01-15,1985-12-13,9999-01-01,Senior Engineer
454791,Xiaoqiu,Pietracaprina,1965-01-22,1994-07-09,9999-01-01,Senior Engineer
454994,Mohan,Picht,1965-01-01,1991-02-24,9999-01-01,Engineer
455726,Qiwen,Kriebel,1965-01-08,1987-12-13,9999-01-01,Senior Staff
456767,Tetsurou,Schreiter,1965-01-24,1987-07-17,9999-01-01,Senior Staff
457070,Gay,Plavsic,1965-01-25,1987-08-06,9999-01-01,Staff
457411,Xudong,Peck,1965-01-13,1988-04-18,9999-01-01,Senior Engineer
457489,Berna,Ranst,1965-01-24,1985-05-14,9999-01-01,Engineer
457776,Florian,Siepmann,1965-01-15,1987-12-21,9999-01-01,Senior Engineer
457832,Jackson,Zielinski,1965-02-01,1997-09-12,9999-01-01,Senior Engineer
458134,Thanasis,Standera,1965-01-11,1985-03-20,9999-01-01,Staff
458383,Mabhin,Foote,1965-01-06,1999-04-23,9999-01-01,Engineer
458726,Shahaf,Kitai,1965-01-13,1986-12-26,9999-01-01,Senior Staff
458790,Ramya,Azadmanesh,1965-01-17,1988-11-19,9999-01-01,Engineer
459172,Val,Rissanen,1965-01-19,1993-11-20,9999-01-01,Engineer
459685,Hirochika,Goldhammer,1965-02-01,1998-03-12,9999-01-01,Engineer
460920,Remzi,Mitzlaff,1965-01-22,1986-04-06,9999-01-01,Senior Staff
462493,Paloma,Gerlach,1965-01-12,1988-07-26,9999-01-01,Senior Engineer
463212,Ramya,Rossi,1965-01-09,2001-09-02,9999-01-01,Senior Engineer
463472,Jaber,Sethi,1965-01-11,2000-06-11,9999-01-01,Technique Leader
463495,Alenka,Barriga,1965-01-28,1988-05-06,9999-01-01,Staff
464303,Abdelghani,Nyrup,1965-01-22,1986-08-02,9999-01-01,Staff
465062,Stafford,Gist,1965-01-29,1988-05-07,9999-01-01,Senior Engineer
465076,Tokuyasu,Ghelli,1965-01-19,1985-05-05,9999-01-01,Senior Engineer
465409,Shahid,Varman,1965-01-30,1985-08-27,9999-01-01,Senior Staff
465711,Lakshmi,Frijda,1965-01-06,1990-04-21,9999-01-01,Engineer
465874,Herb,Picht,1965-01-12,1985-05-31,9999-01-01,Engineer
466509,Bezalel,Verhoeff,1965-01-26,1988-03-22,9999-01-01,Engineer
466603,Yechezkel,Nourani,1965-01-23,1991-08-01,9999-01-01,Senior Staff
466745,Boalin,Birsak,1965-01-26,1995-10-16,9999-01-01,Staff
467176,Przemyslawa,Borovoy,1965-01-05,1993-06-18,9999-01-01,Staff
467441,Margareta,Bondorf,1965-01-13,1988-11-07,9999-01-01,Senior Engineer
469399,Hongzhu,Ruemmler,1965-01-25,2000-06-06,9999-01-01,Engineer
469527,Halsur,Ibel,1965-01-24,1998-03-05,9999-01-01,Staff
469529,Neven,Rikino,1965-01-07,1988-10-21,9999-01-01,Senior Engineer
469867,Hein,Jonsson,1965-01-23,1985-02-12,9999-01-01,Staff
470456,Reuven,Oehlmann,1965-01-13,1986-03-29,9999-01-01,Staff
470472,Zhiguo,Staudhammer,1965-02-01,1985-12-03,9999-01-01,Senior Engineer
471552,Basem,Lortz,1965-01-22,1997-10-25,9999-01-01,Staff
472790,Zhenbing,Ibel,1965-01-23,1985-10-29,9999-01-01,Senior Engineer
472950,Weidon,Fordan,1965-01-29,1986-03-27,9999-01-01,Senior Engineer
474763,Mayuko,Clouatre,1965-01-07,1997-09-04,9999-01-01,Engineer
474796,Zongyan,Shackel,1965-01-10,1987-08-17,9999-01-01,Technique Leader
475087,Genevieve,Snedden,1965-01-31,1988-10-21,9999-01-01,Senior Engineer
475258,Fumiyo,Feinberg,1965-01-10,2000-02-12,9999-01-01,Staff
475538,Christophe,Leaver,1965-01-15,1998-10-31,9999-01-01,Staff
475938,Shigeaki,Lanteri,1965-01-14,1989-02-17,9999-01-01,Engineer
475965,Rimon,Pietracaprina,1965-01-02,1985-07-10,9999-01-01,Engineer
476361,Doohun,Preusig,1965-01-09,1993-04-28,9999-01-01,Technique Leader
479407,Randi,Tomescu,1965-01-18,1986-11-25,9999-01-01,Senior Engineer
481764,Teiji,Marrakchi,1965-01-27,1986-08-26,9999-01-01,Senior Engineer
482755,Jouni,Conia,1965-01-03,1994-10-31,9999-01-01,Staff
482885,Shaunak,Brizzi,1965-01-29,1988-09-02,9999-01-01,Senior Engineer
482905,Aral,Hebden,1965-01-16,1991-09-10,9999-01-01,Senior Staff
483675,Hausi,Kamber,1965-01-22,1988-02-16,9999-01-01,Senior Engineer
483825,Marek,Mitchem,1965-01-22,1992-11-20,9999-01-01,Senior Engineer
483838,Sham,Kavanagh,1965-01-03,1997-12-18,9999-01-01,Assistant Engineer
484126,Manton,Lueh,1965-01-05,1989-04-07,9999-01-01,Senior Staff
484142,Perry,Cooman,1965-01-05,1987-04-23,9999-01-01,Senior Staff
485489,Keiichiro,Armand,1965-01-01,1986-12-14,9999-01-01,Senior Engineer
485577,Rafael,Menhoudj,1965-01-30,1997-04-27,9999-01-01,Senior Engineer
485579,Munehiro,Iwayama,1965-01-18,1986-12-16,9999-01-01,Engineer
486918,Yagil,Remmers,1965-01-18,1994-11-01,9999-01-01,Senior Staff
486958,Tonny,Kropf,1965-01-06,1986-07-30,9999-01-01,Senior Engineer
487008,Zhigen,Raney,1965-01-22,1993-05-26,9999-01-01,Senior Staff
487505,Uno,Jayawardene,1965-01-20,1987-11-02,9999-01-01,Staff
487988,Ekawit,Schaft,1965-01-05,1990-05-20,9999-01-01,Staff
488142,Denis,Narlikar,1965-01-05,1991-07-01,9999-01-01,Staff
488482,Kensyu,Tsunoo,1965-01-30,1999-12-05,9999-01-01,Engineer
488788,Wuxu,Garigliano,1965-01-12,1990-09-21,9999-01-01,Staff
488984,Kendra,Junet,1965-01-18,1992-11-12,9999-01-01,Staff
489755,Matk,Chorvat,1965-01-14,1999-12-04,9999-01-01,Staff
489756,Kersti,Miculan,1965-01-01,1992-06-09,9999-01-01,Staff
490557,Luise,Vigier,1965-01-27,1994-07-01,9999-01-01,Senior Engineer
490568,Zita,Reistad,1965-01-01,1998-07-23,9999-01-01,Senior Engineer
491478,Gill,Varman,1965-01-16,1988-06-18,9999-01-01,Staff
491596,Charmane,Pargas,1965-01-21,1992-08-03,9999-01-01,Engineer
491632,Gadiel,Perly,1965-01-01,1986-10-20,9999-01-01,Senior Staff
492639,Sanjoy,Porenta,1965-01-30,1997-07-10,9999-01-01,Engineer
492677,Goetz,McAffer,1965-01-26,1988-02-05,9999-01-01,Senior Engineer
493031,Hironoby,Jakobus,1965-01-23,1991-07-30,9999-01-01,Senior Staff
493744,Leni,Kropatsch,1965-01-14,1997-07-17,9999-01-01,Senior Engineer
496100,Pranjal,Reinhard,1965-01-07,1995-05-08,9999-01-01,Staff
496970,Giordano,Maquelin,1965-01-03,1999-12-31,9999-01-01,Senior Engineer
498456,Geraldo,Gerteisen,1965-01-17,1987-06-05,9999-01-01,Staff
498635,Florian,Pezzoli,1965-01-09,1988-07-22,9999-01-01,Staff
498955,Nechama,Kandlur,1965-01-13,1995-01-16,9999-01-01,Senior Engineer
499260,Danae,Honglei,1965-01-11,1998-09-14,9999-01-01,Engineer
499495,Baoqiu,Kakkar,1965-01-14,1999-08-30,9999-01-01,Engineer
